id,symbol,date,prediction
1,BTC,2026-10-07,0.995
1027,ETH,2026-10-07,0.9916666666666667
1839,BNB,2026-10-07,0.9983333333333333
52,XRP,2026-10-07,0.955
5426,SOL,2026-10-07,0.985
32196,HYPE,2026-10-07,0.9716666666666667
1437,ZEC,2026-10-07,0.655
74,DOGE,2026-10-07,0.935
328,XMR,2026-10-07,0.9883333333333333
1975,LINK,2026-10-07,0.9616666666666667
2010,ADA,2026-10-07,0.8416666666666667
3957,LEO,2026-10-07,0.895
38341,RAIN,2026-10-07,0.295
512,XLM,2026-10-07,0.8683333333333333
6535,NEAR,2026-10-07,0.25833333333333336
1831,BCH,2026-10-07,0.8516666666666667
2,LTC,2026-10-07,0.9683333333333334
7083,UNI,2026-10-07,0.5516666666666666
5805,AVAX,2026-10-07,0.745
37263,CC,2026-10-07,0.6816666666666666
20947,SUI,2026-10-07,0.49833333333333335
4642,HBAR,2026-10-07,0.5583333333333333
11419,GRAM,2026-10-07,0.9383333333333334
39158,BTW,2026-10-07,0.335
22974,TAO,2026-10-07,0.8816666666666667
5994,SHIB,2026-10-07,0.885
3635,CRO,2026-10-07,0.9183333333333333
3155,QNT,2026-10-07,0.08833333333333333
30171,ENA,2026-10-07,0.115
5176,XAUt,2026-10-07,0.865
36507,PUMP,2026-10-07,0.145
3897,OKB,2026-10-07,0.9583333333333334
7278,AAVE,2026-10-07,0.8483333333333334
35491,M,2026-10-07,0.47833333333333333
21159,ONDO,2026-10-07,0.43833333333333335
13502,WLD,2026-10-07,0.285
27075,MNT,2026-10-07,0.8883333333333333
36341,ASTER,2026-10-07,0.8983333333333333
6636,DOT,2026-10-07,0.7816666666666666
33038,SKY,2026-10-07,0.6516666666666666
8916,ICP,2026-10-07,0.8616666666666667
33251,WLFI,2026-10-07,0.7183333333333334
24478,PEPE,2026-10-07,0.6483333333333333
29160,HTX,2026-10-07,0.6983333333333334
11092,BGB,2026-10-07,0.945
34104,MORPHO,2026-10-07,0.9016666666666666
1321,ETC,2026-10-07,0.8583333333333333
11841,ARB,2026-10-07,0.3383333333333333
35509,VVV,2026-10-07,0.305
29210,JUP,2026-10-07,0.40166666666666667
5488,JST,2026-10-07,0.9416666666666667
4269,GT,2026-10-07,0.9783333333333334
20396,KAS,2026-10-07,0.595
28321,POL,2026-10-07,0.8083333333333333
4030,ALGO,2026-10-07,0.6116666666666667
2087,KCS,2026-10-07,0.965
5690,RENDER,2026-10-07,0.7283333333333334
37745,CTM,2026-10-07,0.515
28853,JLP,2026-10-07,0.8783333333333333
3794,ATOM,2026-10-07,0.8916666666666667
35697,PI,2026-10-07,0.545
39125,LIT,2026-10-07,0.425
2280,FIL,2026-10-07,0.325
26997,ZRO,2026-10-07,0.21833333333333332
29270,AERO,2026-10-07,0.34833333333333333
39064,NIGHT,2026-10-07,0.10166666666666667
7226,INJ,2026-10-07,0.6616666666666666
7186,CAKE,2026-10-07,0.795
29814,ETHFI,2026-10-07,0.5183333333333333
2634,XDC,2026-10-07,0.7783333333333333
3077,VET,2026-10-07,0.6016666666666667
131,DASH,2026-10-07,0.6583333333333333
4847,STX,2026-10-07,0.345
8526,RAY,2026-10-07,0.185
21794,APT,2026-10-07,0.5216666666666666
38127,AKE,2026-10-07,0.041666666666666664
7950,FLR,2026-10-07,0.8216666666666667
6538,CRV,2026-10-07,0.705
3987,BDX,2026-10-07,0.6683333333333333
28177,PYTH,2026-10-07,0.41833333333333333
34466,PENGU,2026-10-07,0.395
2694,NEXO,2026-10-07,0.9516666666666667
3773,FET,2026-10-07,0.255
35336,TRUMP,2026-10-07,0.445
23149,SEI,2026-10-07,0.32166666666666666
29420,VIRTUAL,2026-10-07,0.735
38590,币安人生,2026-10-07,0.3983333333333333
22861,TIA,2026-10-07,0.3283333333333333
9481,PENDLE,2026-10-07,0.7316666666666667
3602,BSV,2026-10-07,0.855
38849,PIEVERSE,2026-10-07,0.46166666666666667
28081,SPX,2026-10-07,0.805
22691,STRK,2026-10-07,0.07833333333333334
16086,BTT,2026-10-07,0.6716666666666666
38339,UB,2026-10-07,0.37833333333333335
10603,IMX,2026-10-07,0.465
38828,KITE,2026-10-07,0.3883333333333333
2011,XTZ,2026-10-07,0.695
1659,GNO,2026-10-07,0.975
1168,DCR,2026-10-07,0.785
23095,BONK,2026-10-07,0.2816666666666667
6719,GRT,2026-10-07,0.355
30495,MON,2026-10-07,0.5116666666666667
11840,OP,2026-10-07,0.4216666666666667
4172,LUNC,2026-10-07,0.835
5632,AR,2026-10-07,0.315
35014,DRV,2026-10-07,0.085
39686,BP,2026-10-07,0.021666666666666667
33824,SYRUP,2026-10-07,0.5683333333333334
13855,ENS,2026-10-07,0.7883333333333333
7334,CFX,2026-10-07,0.825
27048,APEPE,2026-10-07,0.5783333333333334
40938,PONS,2026-10-07,0.08166666666666667
10804,FLOKI,2026-10-07,0.645
1720,IOTA,2026-10-07,0.435
38353,MET,2026-10-07,0.058333333333333334
32880,KAIA,2026-10-07,0.265
36743,TIBBIR,2026-10-07,0.04833333333333333
8425,JASMY,2026-10-07,0.36833333333333335
4157,RUNE,2026-10-07,0.6083333333333333
30636,ZBCN,2026-10-07,0.225
5964,TWT,2026-10-07,0.8116666666666666
5692,COMP,2026-10-07,0.9116666666666666
9816,NFT,2026-10-07,0.815
28752,WIF,2026-10-07,0.48833333333333334
30494,EIGEN,2026-10-07,0.405
6210,SAND,2026-10-07,0.045
9903,CVX,2026-10-07,0.715
2416,THETA,2026-10-07,0.685
6783,AXS,2026-10-07,0.5883333333333334
30986,KMNO,2026-10-07,0.21166666666666667
7431,AKT,2026-10-07,0.27166666666666667
36828,USELESS,2026-10-07,0.155
1966,MANA,2026-10-07,0.5383333333333333
2467,TRAC,2026-10-07,0.365
29960,SHFL,2026-10-07,0.11833333333333333
39332,ZAMA,2026-10-07,0.105
36542,SOON,2026-10-07,0.055
38868,SENT,2026-10-07,0.415
38337,0G,2026-10-07,0.06833333333333333
18679,XCN,2026-10-07,0.5283333333333333
34261,WFI,2026-10-07,0.7416666666666667
4041,MX,2026-10-07,0.9816666666666667
10508,FLUID,2026-10-07,0.23166666666666666
11165,ORCA,2026-10-07,0.065
1376,NEO,2026-10-07,0.9316666666666666
36532,B,2026-10-07,0.3416666666666667
4066,CHZ,2026-10-07,0.6316666666666667
36462,A,2026-10-07,0.495
33597,FARTCOIN,2026-10-07,0.505
32956,GRASS,2026-10-07,0.12166666666666667
27960,NPC,2026-10-07,0.195
37322,VSN,2026-10-07,0.9216666666666666
10180,GOMINING,2026-10-07,0.9083333333333333
7326,DEXE,2026-10-07,0.31166666666666665
10791,XEC,2026-10-07,0.7516666666666667
1697,BAT,2026-10-07,0.45166666666666666
36063,BR,2026-10-07,0.008333333333333333
18876,APE,2026-10-07,0.635
39720,EDGE,2026-10-07,0.19833333333333333
9104,AIOZ,2026-10-07,0.075
8290,SUPER,2026-10-07,0.22166666666666668
20969,GEOD,2026-10-07,0.2783333333333333
41912,DGAI,2026-10-07,0.29833333333333334
8119,SFP,2026-10-07,0.9483333333333334
36922,H,2026-10-07,0.35833333333333334
8104,1INCH,2026-10-07,0.905
25194,JSM,2026-10-07,0.37166666666666665
30083,ATH,2026-10-07,0.20166666666666666
38515,2Z,2026-10-07,0.03833333333333333
28298,BEAM,2026-10-07,0.16166666666666665
24091,ZK,2026-10-07,0.3516666666666667
33391,DEEP,2026-10-07,0.14166666666666666
1455,GLM,2026-10-07,0.845
6892,EGLD,2026-10-07,0.6383333333333333
4006,AWE,2026-10-07,0.8383333333333334
40809,CASHCAT,2026-10-07,0.07166666666666667
1698,ZEN,2026-10-07,0.625
3661,SHX,2026-10-07,0.028333333333333332
8646,MINA,2026-10-07,0.035
35364,PLUME,2026-10-07,0.13833333333333334
7080,GALA,2026-10-07,0.175
32684,S,2026-10-07,0.13166666666666665
28656,VCNT,2026-10-07,0.925
28324,DYDX,2026-10-07,0.4583333333333333
1732,NMR,2026-10-07,0.12833333333333333
40531,CAP,2026-10-07,0.03166666666666667
38283,CARDS,2026-10-07,0.025
36902,SN51,2026-10-07,0.5916666666666667
35818,SOSO,2026-10-07,0.39166666666666666
40925,AI,2026-10-07,0.25166666666666665
39841,GENIUS,2026-10-07,0.575
36576,HUMA,2026-10-07,0.165
29587,W,2026-10-07,0.11166666666666666
14588,PEAQ,2026-10-07,0.095
39070,KNTQ,2026-10-07,0.215
3964,RSR,2026-10-07,0.7683333333333333
39870,CHIP,2026-10-07,0.205
1896,ZRX,2026-10-07,0.875
23635,FORM,2026-10-07,0.5616666666666666
38236,Q,2026-10-07,0.18833333333333332
1684,QTUM,2026-10-07,0.8183333333333334
4120,PROM,2026-10-07,0.23833333333333334
5665,HNT,2026-10-07,0.135
33280,CHEEMS,2026-10-07,0.725
35347,MELANIA,2026-10-07,0.7116666666666667
36119,WAL,2026-10-07,0.245
30933,DOG,2026-10-07,0.24833333333333332
7548,WEMIX,2026-10-07,0.4683333333333333
25028,ORDI,2026-10-07,0.6416666666666667
40944,MARSCOIN,2026-10-07,0.005
7127,VELO,2026-10-07,0.26166666666666666
1757,FUN,2026-10-07,0.475
5034,KSM,2026-10-07,0.7083333333333334
39682,PROS,2026-10-07,0.4483333333333333
1785,GAS,2026-10-07,0.7983333333333333
11857,GMX,2026-10-07,0.8716666666666667
5864,YFI,2026-10-07,0.9283333333333333
21585,SAFE,2026-10-07,0.4716666666666667
2586,SNX,2026-10-07,0.8316666666666667
19269,COW,2026-10-07,0.8016666666666666
3640,LPT,2026-10-07,0.775
9260,ZIG,2026-10-07,0.42833333333333334
3701,RIF,2026-10-07,0.30833333333333335
36195,AGT,2026-10-07,0.10833333333333334
29169,QUBIC,2026-10-07,0.06166666666666667
39377,SKR,2026-10-07,0.22833333333333333
6748,CFG,2026-10-07,0.31833333333333336
21707,RED,2026-10-07,0.375
4195,FTT,2026-10-07,0.8283333333333334
36769,BULLA,2026-10-07,0.015
19075,OMI,2026-10-07,0.17833333333333334
20964,LBT,2026-10-07,0.915
21259,ZETA,2026-10-07,0.24166666666666667
35763,KAITO,2026-10-07,0.275
24647,BERA,2026-10-07,0.28833333333333333
4691,ZANO,2026-10-07,0.15166666666666667
34958,TAG,2026-10-07,0.4083333333333333
38185,ADI,2026-10-07,0.6883333333333334
2682,HOT,2026-10-07,0.765
34332,PURR,2026-10-07,0.14833333333333334
40092,O,2026-10-07,0.2683333333333333
34812,BIO,2026-10-07,0.43166666666666664
40224,RE,2026-10-07,0.33166666666666667
109,DGB,2026-10-07,0.5016666666666667
36041,MUBARAK,2026-10-07,0.0016666666666666668
3822,TFUEL,2026-10-07,0.7916666666666666
37166,ONE,2026-10-07,0.051666666666666666
35626,DATA,2026-10-07,0.19166666666666668
4846,KAVA,2026-10-07,0.6783333333333333
41861,牛来,2026-10-07,0.3016666666666667
29870,BOME,2026-10-07,0.17166666666666666
3012,VTHO,2026-10-07,0.16833333333333333
34118,BANANAS31,2026-10-07,0.485
10407,BabyDoge,2026-10-07,0.7616666666666667
38186,DIEM,2026-10-07,0.38166666666666665
2469,ZIL,2026-10-07,0.6283333333333333
36569,SPK,2026-10-07,0.4116666666666667
34212,XAUM,2026-10-07,0.7583333333333333
24911,TURBO,2026-10-07,0.755
36044,NXPC,2026-10-07,0.5483333333333333
5350,XPR,2026-10-07,0.605
6758,SUSHI,2026-10-07,0.7216666666666667
38841,UAI,2026-10-07,0.125
4950,LCX,2026-10-07,0.011666666666666667
33881,BAN,2026-10-07,0.615
29835,IO,2026-10-07,0.455
17799,AXL,2026-10-07,0.675
32198,BABY,2026-10-07,0.5083333333333333
34926,ARC,2026-10-07,0.7483333333333333
4948,CKB,2026-10-07,0.5983333333333334
7653,ROSE,2026-10-07,0.4816666666666667
2130,ENJ,2026-10-07,0.5316666666666666
12885,ASTR,2026-10-07,0.585
27657,LINEA,2026-10-07,0.7383333333333333
5198,CTC,2026-10-07,0.5416666666666666
39548,ESP,2026-10-07,0.5816666666666667
38489,COAI,2026-10-07,0.49166666666666664
40588,ANSEM,2026-10-07,0.09833333333333333
35268,GPS,2026-10-07,0.565
1637,RLC,2026-10-07,0.018333333333333333
2566,ONT,2026-10-07,0.6916666666666667
5567,CELO,2026-10-07,0.6183333333333333
6958,ACH,2026-10-07,0.7716666666666666
37637,SOMI,2026-10-07,0.20833333333333334
17751,T,2026-10-07,0.2916666666666667
21846,ID,2026-10-07,0.665
25264,SNEK,2026-10-07,0.09166666666666666
39970,ARX,2026-10-07,0.44166666666666665
41878,CATE,2026-10-07,0.18166666666666667
37387,BAS,2026-10-07,0.3616666666666667
4944,TRB,2026-10-07,0.525
3871,AB,2026-10-07,0.385
23121,BLUR,2026-10-07,0.5716666666666667
38767,NOCK,2026-10-07,0.235
32782,ORE,2026-10-07,0.15833333333333333
28688,AIAT,2026-10-07,0.535
4558,FLOW,2026-10-07,0.6216666666666667
29073,ALT,2026-10-07,0.7016666666666667
29743,BRETT,2026-10-07,0.555
